year,quarter,actual,predicted
2024,3,565531,565905.1439924259
2024,4,565388,565630.7611034338
2025,1,561869,565522.4135192566
